{"entities":{"pages":{"overview":{"id":"overview","title":"Project overview","url":"overview.html","level":0,"tabIndex":0},"1-Architecture":{"id":"1-Architecture","title":"Architecture","url":"1-architecture.html","level":0,"tabIndex":1},"kxg82n_4":{"id":"kxg82n_4","title":"Memory","level":0,"pages":["3-Remembering-is-hard"],"tabIndex":2},"3-Remembering-is-hard":{"id":"3-Remembering-is-hard","title":"Decoding memories is hard!","url":"3-remembering-is-hard.html","level":1,"parentId":"kxg82n_4","tabIndex":0},"Doxygen-portal":{"id":"Doxygen-portal","title":"Doxygen portal","url":"doxygen-portal.html","level":0,"tabIndex":3}}},"topLevelIds":["overview","1-Architecture","kxg82n_4","Doxygen-portal"]}